{"cameraMode":{"drawMode":0,"name":"Shaded","section":"Shading Mode"},"sceneLighting":false,"audioPlay":false,"sceneViewState":{"showFog":true,"showMaterialUpdate":true,"showSkybox":false,"showFlares":true,"showImageEffects":true,"showParticleSystems":true},"in2DMode":false,"pivot":{"x":-0.20000001788139344,"y":-4.840000152587891,"z":0.0},"rotation":{"x":0.0782296434044838,"y":-0.000004845438979828032,"z":5.299312988427118e-7,"w":0.9969362020492554},"size":2.8567748069763185,"orthographic":false}