{"cameraMode":{"drawMode":0,"name":"Shaded","section":"Shading Mode"},"sceneLighting":false,"audioPlay":false,"sceneViewState":{"showFog":true,"showMaterialUpdate":true,"showSkybox":false,"showFlares":true,"showImageEffects":true,"showParticleSystems":true},"in2DMode":false,"pivot":{"x":1.5501781702041627,"y":0.1412225365638733,"z":12.757086753845215},"rotation":{"x":-0.03689134865999222,"y":0.0038935120683163406,"z":-0.0001438815816072747,"w":-0.9993133544921875},"size":22.0,"orthographic":false}